domain,count,is_suspicious
eventbrite.com.ar,15,0
youtube.com,8,0
google.com,6,0
youtu.be,5,0
forms.gle,4,0
github.com,4,0
**

https.,4,0
flisol.org.ar,3,0
udemy.com,3,0
instagram.com,3,0
https.,3,0
ekoparty.org,3,0
imdb.com,2,0
.,2,0
tn.com.ar,2,0
x.com,2,0
linkedin.com,2,0
sessionize.com,2,0
meetup.com,1,0
org


(🖤 U.,1,0
20 Charlas`!

https.,1,0
blogspot.com,1,0
Startpage.com,1,0
osiux.com,1,0
512kb.club,1,1
Archive.org,1,0
securityonline.info,1,0
thehackernews.com,1,0
papercall.io,1,0
bsidescordoba.org,1,0
discord.gg,1,0
ycombinator.com,1,0
uncurl.dev,1,0
flisol.info,1,0
facebook.com,1,0
twitch.tv,1,0
thehackerway.es,1,0
etherscan.io,1,0
wts.dev,1,0
segu-info.com.ar,1,0
**
https.,1,0
teknofilo.com,1,0


https.,1,0
odia.legal,1,0
timsh.org,1,0
party.org,1,0
linktr.ee,1,0
substack.com,1,0
spotify.com,1,0
yourHost.com,1,0
qualys.com,1,0
volexity.com,1,0
brutecat.com,1,0
